target_id,receiver_id,arrival_time_ns
0,0,5372.86376919
0,1,7301.87677824
0,2,6236.58844983
0,3,4095.86538235
1,0,5559.29522737
1,1,7448.79984961
1,2,6344.99280835
1,3,4093.51383544
2,0,5838.70955346
2,1,7704.92449688
2,2,6586.30862777
2,3,4371.96563817
3,0,6025.13908535
3,1,7883.68817146
3,2,6761.90248056
3,3,4558.21733719
