metric,mean,median,p95
fiber_rel_rmse_ns,8.541385808731737e-13,7.425993143694778e-13,1.7714041263588912e-12
pos_rmse_m,3399.627265091235,3350.5205126244455,4780.25162972933
joint_fiber_rel_rmse_ns,1.8045572840844268e-12,1.3085076857565116e-12,3.847020438621336e-12
joint_station_err_m,4.656612873077393e-10,4.656612873077393e-10,4.656612873077393e-10
joint_pos_rmse_m,3399.6272650854007,3350.520512621455,4780.251629724879
